{
"loss": [0.15325696766376495, 0.11727811396121979, 0.10318215936422348, 0.09731508046388626, 0.09361107647418976, 0.09083443880081177, 0.09051848948001862, 0.0880952700972557, 0.0872107744216919, 0.08345113694667816, 0.08109718561172485, 0.0804920643568039, 0.07999226450920105, 0.07848154008388519, 0.07943100482225418], 
"binary_accuracy": [0.9690203070640564, 0.9703862071037292, 0.9703862071037292, 0.9703862071037292, 0.9703862071037292, 0.9703862071037292, 0.9703862071037292, 0.9703862071037292, 0.9703862071037292, 0.9703862071037292, 0.9703862071037292, 0.9703862071037292, 0.9703862071037292, 0.9702856540679932, 0.9724328517913818], 
"false_negatives_8": [256817.0, 257152.0, 257152.0, 257152.0, 257152.0, 257152.0, 257152.0, 257152.0, 257152.0, 257152.0, 257152.0, 257152.0, 257152.0, 253507.0, 217414.0], 
"val_loss": [0.2047460675239563, 0.197979137301445, 0.20300820469856262, 0.19317083060741425, 0.205185204744339, 0.2475273162126541, 0.2019015997648239, 0.23212245106697083, 0.22189414501190186, 0.20619437098503113, 0.2048925757408142, 0.19894857704639435, 0.209787979722023, 0.24014224112033844, 0.21744024753570557], 
"val_binary_accuracy": [0.9517688751220703, 0.9517688751220703, 0.9517688751220703, 0.9517688751220703, 0.9517688751220703, 0.9517688751220703, 0.9517688751220703, 0.9517688751220703, 0.9517688751220703, 0.9517688751220703, 0.9517688751220703, 0.9517688751220703, 0.9517688751220703, 0.9517688751220703, 0.9403481483459473], 
"val_false_negatives_8": [104704.0, 104704.0, 104704.0, 104704.0, 104704.0, 104704.0, 104704.0, 104704.0, 104704.0, 104704.0, 104704.0, 104704.0, 104704.0, 104704.0, 80012.0]}
